id,first_name,last_name,age,gender,email,course,classroom
1,Carlos,Annesley,58,Male,cannesley0@blogger.com,4,100
2,Zared,Longstaffe,49,Male,zlongstaffe1@storify.com,8,261
3,Gabe,Westerman,32,Male,gwesterman2@google.ca,9,126
4,Barnaby,Stenett,26,Male,bstenett3@virginia.edu,2,223
5,Isaiah,Lawles,65,Male,ilawles4@sakura.ne.jp,5,326
6,Dorie,Van de Castele,36,Male,dvandecastele5@hud.gov,6,125
7,Iosep,Doxsey,41,Male,idoxsey6@flavors.me,3,172
8,Palm,Rickeard,49,Male,prickeard7@infoseek.co.jp,7,378
9,Georgina,Butterly,53,Female,gbutterly8@google.com.hk,1,236
